진료년도,시도,시군구,연령군,분만건수
2023,서울,강남구,19세 이하,0
2023,서울,강남구,20~29세,566
2023,서울,강남구,30~39세,6894
2023,서울,강남구,40~49세,802
2023,서울,강남구,50세 이상,0
2023,서울,강동구,19세 이하,0
2023,서울,강동구,20~29세,455
2023,서울,강동구,30~39세,3015
2023,서울,강동구,40~49세,271
2023,서울,강동구,50세 이상,0
2023,서울,강서구,19세 이하,0
2023,서울,강서구,20~29세,408
2023,서울,강서구,30~39세,3345
2023,서울,강서구,40~49세,303
2023,서울,강서구,50세 이상,0
2023,서울,관악구,19세 이하,0
2023,서울,관악구,20~29세,84
2023,서울,관악구,30~39세,494
2023,서울,관악구,40~49세,45
2023,서울,관악구,50세 이상,0
2023,서울,구로구,19세 이하,0
2023,서울,구로구,20~29세,309
2023,서울,구로구,30~39세,2212
2023,서울,구로구,40~49세,200
2023,서울,구로구,50세 이상,0
2023,서울,도봉구,19세 이하,0
2023,서울,도봉구,20~29세,201
2023,서울,도봉구,30~39세,891
2023,서울,도봉구,40~49세,62
2023,서울,도봉구,50세 이상,0
2023,서울,동대문구,19세 이하,0
2023,서울,동대문구,20~29세,195
2023,서울,동대문구,30~39세,1143
2023,서울,동대문구,40~49세,122
2023,서울,동대문구,50세 이상,0
2023,서울,동작구,19세 이하,0
2023,서울,동작구,20~29세,201
2023,서울,동작구,30~39세,1468
2023,서울,동작구,40~49세,158
2023,서울,동작구,50세 이상,0
2023,서울,마포구,19세 이하,0
2023,서울,마포구,20~29세,56
2023,서울,마포구,30~39세,308
2023,서울,마포구,40~49세,18
2023,서울,마포구,50세 이상,0
2023,서울,서대문구,19세 이하,0
2023,서울,서대문구,20~29세,189
2023,서울,서대문구,30~39세,2047
2023,서울,서대문구,40~49세,280
2023,서울,서대문구,50세 이상,0
2023,서울,성동구,19세 이하,0
2023,서울,성동구,20~29세,21
2023,서울,성동구,30~39세,99
2023,서울,성동구,40~49세,18
2023,서울,성동구,50세 이상,0
2023,서울,성북구,19세 이하,0
2023,서울,성북구,20~29세,191
2023,서울,성북구,30~39세,917
2023,서울,성북구,40~49세,97
2023,서울,성북구,50세 이상,0
2023,서울,영등포구,19세 이하,0
2023,서울,영등포구,20~29세,97
2023,서울,영등포구,30~39세,836
2023,서울,영등포구,40~49세,83
2023,서울,영등포구,50세 이상,0
2023,서울,용산구,19세 이하,0
2023,서울,용산구,20~29세,48
2023,서울,용산구,30~39세,281
2023,서울,용산구,40~49세,38
2023,서울,용산구,50세 이상,0
2023,서울,은평구,19세 이하,0
2023,서울,은평구,20~29세,310
2023,서울,은평구,30~39세,1915
2023,서울,은평구,40~49세,196
2023,서울,은평구,50세 이상,0
2023,서울,종로구,19세 이하,0
2023,서울,종로구,20~29세,154
2023,서울,종로구,30~39세,1632
2023,서울,종로구,40~49세,244
2023,서울,종로구,50세 이상,0
2023,서울,중구,19세 이하,0
2023,서울,중구,20~29세,36
2023,서울,중구,30~39세,105
2023,서울,중구,40~49세,10
2023,서울,중구,50세 이상,0
2023,서울,송파구,19세 이하,0
2023,서울,송파구,20~29세,478
2023,서울,송파구,30~39세,3715
2023,서울,송파구,40~49세,464
2023,서울,송파구,50세 이상,0
2023,서울,중랑구,19세 이하,0
2023,서울,중랑구,20~29세,228
2023,서울,중랑구,30~39세,749
2023,서울,중랑구,40~49세,73
2023,서울,중랑구,50세 이상,0
2023,서울,양천구,19세 이하,0
2023,서울,양천구,20~29세,204
2023,서울,양천구,30~39세,1043
2023,서울,양천구,40~49세,80
2023,서울,양천구,50세 이상,0
2023,서울,서초구,19세 이하,0
2023,서울,서초구,20~29세,118
2023,서울,서초구,30~39세,1372
2023,서울,서초구,40~49세,163
2023,서울,서초구,50세 이상,0
2023,서울,노원구,19세 이하,0
2023,서울,노원구,20~29세,248
2023,서울,노원구,30~39세,1472
2023,서울,노원구,40~49세,158
2023,서울,노원구,50세 이상,0
2023,서울,광진구,19세 이하,0
2023,서울,광진구,20~29세,155
2023,서울,광진구,30~39세,932
2023,서울,광진구,40~49세,82
2023,서울,광진구,50세 이상,0
2023,서울,강북구,19세 이하,0
2023,서울,강북구,20~29세,274
2023,서울,강북구,30~39세,1484
2023,서울,강북구,40~49세,110
2023,서울,강북구,50세 이상,0
2023,서울,금천구,19세 이하,0
2023,서울,금천구,20~29세,116
2023,서울,금천구,30~39세,432
2023,서울,금천구,40~49세,30
2023,서울,금천구,50세 이상,0
2023,부산,부산남구,19세 이하,0
2023,부산,부산남구,20~29세,0
2023,부산,부산남구,30~39세,0
2023,부산,부산남구,40~49세,0
2023,부산,부산남구,50세 이상,0
2023,부산,부산동구,19세 이하,0
2023,부산,부산동구,20~29세,246
2023,부산,부산동구,30~39세,1254
2023,부산,부산동구,40~49세,161
2023,부산,부산동구,50세 이상,0
2023,부산,부산동래구,19세 이하,0
2023,부산,부산동래구,20~29세,195
2023,부산,부산동래구,30~39세,884
2023,부산,부산동래구,40~49세,62
2023,부산,부산동래구,50세 이상,0
2023,부산,부산진구,19세 이하,0
2023,부산,부산진구,20~29세,292
2023,부산,부산진구,30~39세,1307
2023,부산,부산진구,40~49세,154
2023,부산,부산진구,50세 이상,0
2023,부산,부산북구,19세 이하,0
2023,부산,부산북구,20~29세,343
2023,부산,부산북구,30~39세,1543
2023,부산,부산북구,40~49세,112
2023,부산,부산북구,50세 이상,0
2023,부산,부산서구,19세 이하,0
2023,부산,부산서구,20~29세,148
2023,부산,부산서구,30~39세,578
2023,부산,부산서구,40~49세,83
2023,부산,부산서구,50세 이상,0
2023,부산,부산영도구,19세 이하,0
2023,부산,부산영도구,20~29세,0
2023,부산,부산영도구,30~39세,0
2023,부산,부산영도구,40~49세,0
2023,부산,부산영도구,50세 이상,0
2023,부산,부산중구,19세 이하,0
2023,부산,부산중구,20~29세,0
2023,부산,부산중구,30~39세,0
2023,부산,부산중구,40~49세,0
2023,부산,부산중구,50세 이상,0
2023,부산,부산해운대구,19세 이하,0
2023,부산,부산해운대구,20~29세,171
2023,부산,부산해운대구,30~39세,1157
2023,부산,부산해운대구,40~49세,118
2023,부산,부산해운대구,50세 이상,0
2023,부산,부산사하구,19세 이하,0
2023,부산,부산사하구,20~29세,229
2023,부산,부산사하구,30~39세,880
2023,부산,부산사하구,40~49세,66
2023,부산,부산사하구,50세 이상,0
2023,부산,부산금정구,19세 이하,0
2023,부산,부산금정구,20~29세,157
2023,부산,부산금정구,30~39세,888
2023,부산,부산금정구,40~49세,80
2023,부산,부산금정구,50세 이상,0
2023,부산,부산강서구,19세 이하,0
2023,부산,부산강서구,20~29세,88
2023,부산,부산강서구,30~39세,297
2023,부산,부산강서구,40~49세,28
2023,부산,부산강서구,50세 이상,0
2023,부산,부산연제구,19세 이하,0
2023,부산,부산연제구,20~29세,201
2023,부산,부산연제구,30~39세,1060
2023,부산,부산연제구,40~49세,85
2023,부산,부산연제구,50세 이상,0
2023,부산,부산수영구,19세 이하,0
2023,부산,부산수영구,20~29세,138
2023,부산,부산수영구,30~39세,845
2023,부산,부산수영구,40~49세,71
2023,부산,부산수영구,50세 이상,0
2023,부산,부산사상구,19세 이하,0
2023,부산,부산사상구,20~29세,0
2023,부산,부산사상구,30~39세,0
2023,부산,부산사상구,40~49세,0
2023,부산,부산사상구,50세 이상,0
2023,부산,부산기장군,19세 이하,0
2023,부산,부산기장군,20~29세,146
2023,부산,부산기장군,30~39세,528
2023,부산,부산기장군,40~49세,52
2023,부산,부산기장군,50세 이상,0
2023,인천,인천미추홀구,19세 이하,15
2023,인천,인천미추홀구,20~29세,1089
2023,인천,인천미추홀구,30~39세,4020
2023,인천,인천미추홀구,40~49세,367
2023,인천,인천미추홀구,50세 이상,0
2023,인천,인천동구,19세 이하,0
2023,인천,인천동구,20~29세,0
2023,인천,인천동구,30~39세,0
2023,인천,인천동구,40~49세,0
2023,인천,인천동구,50세 이상,0
2023,인천,인천부평구,19세 이하,0
2023,인천,인천부평구,20~29세,245
2023,인천,인천부평구,30~39세,849
2023,인천,인천부평구,40~49세,84
2023,인천,인천부평구,50세 이상,0
2023,인천,인천중구,19세 이하,0
2023,인천,인천중구,20~29세,47
2023,인천,인천중구,30~39세,172
2023,인천,인천중구,40~49세,23
2023,인천,인천중구,50세 이상,0
2023,인천,인천서구,19세 이하,0
2023,인천,인천서구,20~29세,596
2023,인천,인천서구,30~39세,2085
2023,인천,인천서구,40~49세,144
2023,인천,인천서구,50세 이상,0
2023,인천,인천남동구,19세 이하,0
2023,인천,인천남동구,20~29세,230
2023,인천,인천남동구,30~39세,803
2023,인천,인천남동구,40~49세,82
2023,인천,인천남동구,50세 이상,0
2023,인천,인천연수구,19세 이하,0
2023,인천,인천연수구,20~29세,178
2023,인천,인천연수구,30~39세,591
2023,인천,인천연수구,40~49세,36
2023,인천,인천연수구,50세 이상,0
2023,인천,인천계양구,19세 이하,0
2023,인천,인천계양구,20~29세,84
2023,인천,인천계양구,30~39세,234
2023,인천,인천계양구,40~49세,21
2023,인천,인천계양구,50세 이상,0
2023,인천,인천강화군,19세 이하,0
2023,인천,인천강화군,20~29세,0
2023,인천,인천강화군,30~39세,0
2023,인천,인천강화군,40~49세,0
2023,인천,인천강화군,50세 이상,0
2023,인천,인천옹진군,19세 이하,0
2023,인천,인천옹진군,20~29세,0
2023,인천,인천옹진군,30~39세,0
2023,인천,인천옹진군,40~49세,0
2023,인천,인천옹진군,50세 이상,0
2023,대구,대구남구,19세 이하,0
2023,대구,대구남구,20~29세,86
2023,대구,대구남구,30~39세,299
2023,대구,대구남구,40~49세,34
2023,대구,대구남구,50세 이상,0
2023,대구,대구동구,19세 이하,0
2023,대구,대구동구,20~29세,40
2023,대구,대구동구,30~39세,181
2023,대구,대구동구,40~49세,18
2023,대구,대구동구,50세 이상,0
2023,대구,대구북구,19세 이하,0
2023,대구,대구북구,20~29세,514
2023,대구,대구북구,30~39세,1967
2023,대구,대구북구,40~49세,181
2023,대구,대구북구,50세 이상,0
2023,대구,대구서구,19세 이하,0
2023,대구,대구서구,20~29세,0
2023,대구,대구서구,30~39세,0
2023,대구,대구서구,40~49세,0
2023,대구,대구서구,50세 이상,0
2023,대구,대구수성구,19세 이하,10
2023,대구,대구수성구,20~29세,827
2023,대구,대구수성구,30~39세,3308
2023,대구,대구수성구,40~49세,240
2023,대구,대구수성구,50세 이상,0
2023,대구,대구중구,19세 이하,0
2023,대구,대구중구,20~29세,24
2023,대구,대구중구,30~39세,84
2023,대구,대구중구,40~49세,14
2023,대구,대구중구,50세 이상,0
2023,대구,대구달서구,19세 이하,10
2023,대구,대구달서구,20~29세,888
2023,대구,대구달서구,30~39세,3624
2023,대구,대구달서구,40~49세,374
2023,대구,대구달서구,50세 이상,0
2023,대구,대구달성군,19세 이하,0
2023,대구,대구달성군,20~29세,151
2023,대구,대구달성군,30~39세,461
2023,대구,대구달성군,40~49세,37
2023,대구,대구달성군,50세 이상,0
2023,광주,광주동구,19세 이하,0
2023,광주,광주동구,20~29세,104
2023,광주,광주동구,30~39세,406
2023,광주,광주동구,40~49세,61
2023,광주,광주동구,50세 이상,0
2023,광주,광주북구,19세 이하,0
2023,광주,광주북구,20~29세,859
2023,광주,광주북구,30~39세,2969
2023,광주,광주북구,40~49세,214
2023,광주,광주북구,50세 이상,0
2023,광주,광주서구,19세 이하,0
2023,광주,광주서구,20~29세,435
2023,광주,광주서구,30~39세,1295
2023,광주,광주서구,40~49세,108
2023,광주,광주서구,50세 이상,0
2023,광주,광주광산구,19세 이하,0
2023,광주,광주광산구,20~29세,485
2023,광주,광주광산구,30~39세,1513
2023,광주,광주광산구,40~49세,137
2023,광주,광주광산구,50세 이상,0
2023,광주,광주남구,19세 이하,0
2023,광주,광주남구,20~29세,134
2023,광주,광주남구,30~39세,365
2023,광주,광주남구,40~49세,35
2023,광주,광주남구,50세 이상,0
2023,대전,대전유성구,19세 이하,0
2023,대전,대전유성구,20~29세,361
2023,대전,대전유성구,30~39세,1167
2023,대전,대전유성구,40~49세,50
2023,대전,대전유성구,50세 이상,0
2023,대전,대전대덕구,19세 이하,0
2023,대전,대전대덕구,20~29세,0
2023,대전,대전대덕구,30~39세,0
2023,대전,대전대덕구,40~49세,0
2023,대전,대전대덕구,50세 이상,0
2023,대전,대전서구,19세 이하,13
2023,대전,대전서구,20~29세,972
2023,대전,대전서구,30~39세,3792
2023,대전,대전서구,40~49세,338
2023,대전,대전서구,50세 이상,0
2023,대전,대전동구,19세 이하,0
2023,대전,대전동구,20~29세,304
2023,대전,대전동구,30~39세,718
2023,대전,대전동구,40~49세,65
2023,대전,대전동구,50세 이상,0
2023,대전,대전중구,19세 이하,0
2023,대전,대전중구,20~29세,72
2023,대전,대전중구,30~39세,362
2023,대전,대전중구,40~49세,44
2023,대전,대전중구,50세 이상,0
2023,울산,울산남구,19세 이하,0
2023,울산,울산남구,20~29세,660
2023,울산,울산남구,30~39세,2471
2023,울산,울산남구,40~49세,153
2023,울산,울산남구,50세 이상,0
2023,울산,울산동구,19세 이하,0
2023,울산,울산동구,20~29세,146
2023,울산,울산동구,30~39세,537
2023,울산,울산동구,40~49세,53
2023,울산,울산동구,50세 이상,0
2023,울산,울산중구,19세 이하,0
2023,울산,울산중구,20~29세,239
2023,울산,울산중구,30~39세,768
2023,울산,울산중구,40~49세,51
2023,울산,울산중구,50세 이상,0
2023,울산,울산북구,19세 이하,0
2023,울산,울산북구,20~29세,0
2023,울산,울산북구,30~39세,0
2023,울산,울산북구,40~49세,0
2023,울산,울산북구,50세 이상,0
2023,울산,울산울주군,19세 이하,0
2023,울산,울산울주군,20~29세,0
2023,울산,울산울주군,30~39세,0
2023,울산,울산울주군,40~49세,0
2023,울산,울산울주군,50세 이상,0
2023,경기,가평군,19세 이하,0
2023,경기,가평군,20~29세,0
2023,경기,가평군,30~39세,0
2023,경기,가평군,40~49세,0
2023,경기,가평군,50세 이상,0
2023,경기,양평군,19세 이하,0
2023,경기,양평군,20~29세,0
2023,경기,양평군,30~39세,0
2023,경기,양평군,40~49세,0
2023,경기,양평군,50세 이상,0
2023,경기,연천군,19세 이하,0
2023,경기,연천군,20~29세,0
2023,경기,연천군,30~39세,0
2023,경기,연천군,40~49세,0
2023,경기,연천군,50세 이상,0
2023,경기,광명시,19세 이하,0
2023,경기,광명시,20~29세,272
2023,경기,광명시,30~39세,1596
2023,경기,광명시,40~49세,153
2023,경기,광명시,50세 이상,0
2023,경기,동두천시,19세 이하,0
2023,경기,동두천시,20~29세,0
2023,경기,동두천시,30~39세,0
2023,경기,동두천시,40~49세,0
2023,경기,동두천시,50세 이상,0
2023,경기,부천시,19세 이하,0
2023,경기,부천시,20~29세,617
2023,경기,부천시,30~39세,3123
2023,경기,부천시,40~49세,261
2023,경기,부천시,50세 이상,0
2023,경기,부천원미구,19세 이하,0
2023,경기,부천원미구,20~29세,69
2023,경기,부천원미구,30~39세,266
2023,경기,부천원미구,40~49세,21
2023,경기,부천원미구,50세 이상,0
2023,경기,성남수정구,19세 이하,0
2023,경기,성남수정구,20~29세,436
2023,경기,성남수정구,30~39세,1799
2023,경기,성남수정구,40~49세,135
2023,경기,성남수정구,50세 이상,0
2023,경기,성남중원구,19세 이하,0
2023,경기,성남중원구,20~29세,0
2023,경기,성남중원구,30~39세,0
2023,경기,성남중원구,40~49세,0
2023,경기,성남중원구,50세 이상,0
2023,경기,성남분당구,19세 이하,0
2023,경기,성남분당구,20~29세,673
2023,경기,성남분당구,30~39세,5664
2023,경기,성남분당구,40~49세,663
2023,경기,성남분당구,50세 이상,0
2023,경기,수원권선구,19세 이하,0
2023,경기,수원권선구,20~29세,500
2023,경기,수원권선구,30~39세,1935
2023,경기,수원권선구,40~49세,114
2023,경기,수원권선구,50세 이상,0
2023,경기,수원장안구,19세 이하,0
2023,경기,수원장안구,20~29세,110
2023,경기,수원장안구,30~39세,392
2023,경기,수원장안구,40~49세,39
2023,경기,수원장안구,50세 이상,0
2023,경기,수원팔달구,19세 이하,0
2023,경기,수원팔달구,20~29세,299
2023,경기,수원팔달구,30~39세,1234
2023,경기,수원팔달구,40~49세,88
2023,경기,수원팔달구,50세 이상,0
2023,경기,수원영통구,19세 이하,0
2023,경기,수원영통구,20~29세,416
2023,경기,수원영통구,30~39세,2431
2023,경기,수원영통구,40~49세,189
2023,경기,수원영통구,50세 이상,0
2023,경기,안양만안구,19세 이하,0
2023,경기,안양만안구,20~29세,0
2023,경기,안양만안구,30~39세,0
2023,경기,안양만안구,40~49세,0
2023,경기,안양만안구,50세 이상,0
2023,경기,안양동안구,19세 이하,0
2023,경기,안양동안구,20~29세,353
2023,경기,안양동안구,30~39세,2385
2023,경기,안양동안구,40~49세,146
2023,경기,안양동안구,50세 이상,0
2023,경기,의정부시,19세 이하,0
2023,경기,의정부시,20~29세,453
2023,경기,의정부시,30~39세,1239
2023,경기,의정부시,40~49세,131
2023,경기,의정부시,50세 이상,0
2023,경기,과천시,19세 이하,0
2023,경기,과천시,20~29세,0
2023,경기,과천시,30~39세,0
2023,경기,과천시,40~49세,0
2023,경기,과천시,50세 이상,0
2023,경기,구리시,19세 이하,0
2023,경기,구리시,20~29세,96
2023,경기,구리시,30~39세,445
2023,경기,구리시,40~49세,48
2023,경기,구리시,50세 이상,0
2023,경기,안산단원구,19세 이하,11
2023,경기,안산단원구,20~29세,650
2023,경기,안산단원구,30~39세,2092
2023,경기,안산단원구,40~49세,152
2023,경기,안산단원구,50세 이상,0
2023,경기,안산상록구,19세 이하,0
2023,경기,안산상록구,20~29세,105
2023,경기,안산상록구,30~39세,183
2023,경기,안산상록구,40~49세,17
2023,경기,안산상록구,50세 이상,0
2023,경기,평택시,19세 이하,0
2023,경기,평택시,20~29세,970
2023,경기,평택시,30~39세,2423
2023,경기,평택시,40~49세,162
2023,경기,평택시,50세 이상,0
2023,경기,하남시,19세 이하,0
2023,경기,하남시,20~29세,210
2023,경기,하남시,30~39세,909
2023,경기,하남시,40~49세,80
2023,경기,하남시,50세 이상,0
2023,경기,군포시,19세 이하,0
2023,경기,군포시,20~29세,461
2023,경기,군포시,30~39세,2410
2023,경기,군포시,40~49세,156
2023,경기,군포시,50세 이상,0
2023,경기,남양주시,19세 이하,0
2023,경기,남양주시,20~29세,310
2023,경기,남양주시,30~39세,1040
2023,경기,남양주시,40~49세,99
2023,경기,남양주시,50세 이상,0
2023,경기,의왕시,19세 이하,0
2023,경기,의왕시,20~29세,0
2023,경기,의왕시,30~39세,12
2023,경기,의왕시,40~49세,0
2023,경기,의왕시,50세 이상,0
2023,경기,시흥시,19세 이하,0
2023,경기,시흥시,20~29세,188
2023,경기,시흥시,30~39세,444
2023,경기,시흥시,40~49세,40
2023,경기,시흥시,50세 이상,0
2023,경기,오산시,19세 이하,0
2023,경기,오산시,20~29세,156
2023,경기,오산시,30~39세,350
2023,경기,오산시,40~49세,23
2023,경기,오산시,50세 이상,0
2023,경기,고양덕양구,19세 이하,0
2023,경기,고양덕양구,20~29세,0
2023,경기,고양덕양구,30~39세,0
2023,경기,고양덕양구,40~49세,0
2023,경기,고양덕양구,50세 이상,0
2023,경기,고양일산서구,19세 이하,0
2023,경기,고양일산서구,20~29세,108
2023,경기,고양일산서구,30~39세,507
2023,경기,고양일산서구,40~49세,55
2023,경기,고양일산서구,50세 이상,0
2023,경기,고양일산동구,19세 이하,0
2023,경기,고양일산동구,20~29세,792
2023,경기,고양일산동구,30~39세,4282
2023,경기,고양일산동구,40~49세,444
2023,경기,고양일산동구,50세 이상,0
2023,경기,용인기흥구,19세 이하,0
2023,경기,용인기흥구,20~29세,54
2023,경기,용인기흥구,30~39세,410
2023,경기,용인기흥구,40~49세,46
2023,경기,용인기흥구,50세 이상,0
2023,경기,용인수지구,19세 이하,0
2023,경기,용인수지구,20~29세,88
2023,경기,용인수지구,30~39세,780
2023,경기,용인수지구,40~49세,51
2023,경기,용인수지구,50세 이상,0
2023,경기,용인처인구,19세 이하,0
2023,경기,용인처인구,20~29세,200
2023,경기,용인처인구,30~39세,438
2023,경기,용인처인구,40~49세,52
2023,경기,용인처인구,50세 이상,0
2023,경기,이천시,19세 이하,0
2023,경기,이천시,20~29세,345
2023,경기,이천시,30~39세,763
2023,경기,이천시,40~49세,35
2023,경기,이천시,50세 이상,0
2023,경기,파주시,19세 이하,0
2023,경기,파주시,20~29세,355
2023,경기,파주시,30~39세,890
2023,경기,파주시,40~49세,67
2023,경기,파주시,50세 이상,0
2023,경기,김포시,19세 이하,0
2023,경기,김포시,20~29세,416
2023,경기,김포시,30~39세,1510
2023,경기,김포시,40~49세,122
2023,경기,김포시,50세 이상,0
2023,경기,안성시,19세 이하,0
2023,경기,안성시,20~29세,0
2023,경기,안성시,30~39세,0
2023,경기,안성시,40~49세,0
2023,경기,안성시,50세 이상,0
2023,경기,화성시,19세 이하,0
2023,경기,화성시,20~29세,940
2023,경기,화성시,30~39세,4709
2023,경기,화성시,40~49세,392
2023,경기,화성시,50세 이상,0
2023,경기,광주시,19세 이하,0
2023,경기,광주시,20~29세,0
2023,경기,광주시,30~39세,20
2023,경기,광주시,40~49세,0
2023,경기,광주시,50세 이상,0
2023,경기,양주시,19세 이하,0
2023,경기,양주시,20~29세,313
2023,경기,양주시,30~39세,795
2023,경기,양주시,40~49세,59
2023,경기,양주시,50세 이상,0
2023,경기,포천시,19세 이하,0
2023,경기,포천시,20~29세,40
2023,경기,포천시,30~39세,57
2023,경기,포천시,40~49세,0
2023,경기,포천시,50세 이상,0
2023,경기,여주시,19세 이하,0
2023,경기,여주시,20~29세,0
2023,경기,여주시,30~39세,0
2023,경기,여주시,40~49세,0
2023,경기,여주시,50세 이상,0
2023,강원,고성군,19세 이하,0
2023,강원,고성군,20~29세,0
2023,강원,고성군,30~39세,0
2023,강원,고성군,40~49세,0
2023,강원,고성군,50세 이상,0
2023,강원,양구군,19세 이하,0
2023,강원,양구군,20~29세,0
2023,강원,양구군,30~39세,0
2023,강원,양구군,40~49세,0
2023,강원,양구군,50세 이상,0
2023,강원,양양군,19세 이하,0
2023,강원,양양군,20~29세,0
2023,강원,양양군,30~39세,0
2023,강원,양양군,40~49세,0
2023,강원,양양군,50세 이상,0
2023,강원,영월군,19세 이하,0
2023,강원,영월군,20~29세,0
2023,강원,영월군,30~39세,0
2023,강원,영월군,40~49세,0
2023,강원,영월군,50세 이상,0
2023,강원,인제군,19세 이하,0
2023,강원,인제군,20~29세,0
2023,강원,인제군,30~39세,0
2023,강원,인제군,40~49세,0
2023,강원,인제군,50세 이상,0
2023,강원,정선군,19세 이하,0
2023,강원,정선군,20~29세,0
2023,강원,정선군,30~39세,0
2023,강원,정선군,40~49세,0
2023,강원,정선군,50세 이상,0
2023,강원,철원군,19세 이하,0
2023,강원,철원군,20~29세,0
2023,강원,철원군,30~39세,23
2023,강원,철원군,40~49세,0
2023,강원,철원군,50세 이상,0
2023,강원,평창군,19세 이하,0
2023,강원,평창군,20~29세,0
2023,강원,평창군,30~39세,0
2023,강원,평창군,40~49세,0
2023,강원,평창군,50세 이상,0
2023,강원,홍천군,19세 이하,0
2023,강원,홍천군,20~29세,0
2023,강원,홍천군,30~39세,0
2023,강원,홍천군,40~49세,0
2023,강원,홍천군,50세 이상,0
2023,강원,화천군,19세 이하,0
2023,강원,화천군,20~29세,0
2023,강원,화천군,30~39세,0
2023,강원,화천군,40~49세,0
2023,강원,화천군,50세 이상,0
2023,강원,횡성군,19세 이하,0
2023,강원,횡성군,20~29세,0
2023,강원,횡성군,30~39세,0
2023,강원,횡성군,40~49세,0
2023,강원,횡성군,50세 이상,0
2023,강원,강릉시,19세 이하,0
2023,강원,강릉시,20~29세,339
2023,강원,강릉시,30~39세,944
2023,강원,강릉시,40~49세,112
2023,강원,강릉시,50세 이상,0
2023,강원,동해시,19세 이하,0
2023,강원,동해시,20~29세,104
2023,강원,동해시,30~39세,212
2023,강원,동해시,40~49세,25
2023,강원,동해시,50세 이상,0
2023,강원,속초시,19세 이하,0
2023,강원,속초시,20~29세,10
2023,강원,속초시,30~39세,13
2023,강원,속초시,40~49세,0
2023,강원,속초시,50세 이상,0
2023,강원,원주시,19세 이하,0
2023,강원,원주시,20~29세,589
2023,강원,원주시,30~39세,1904
2023,강원,원주시,40~49세,154
2023,강원,원주시,50세 이상,0
2023,강원,춘천시,19세 이하,0
2023,강원,춘천시,20~29세,461
2023,강원,춘천시,30~39세,1211
2023,강원,춘천시,40~49세,109
2023,강원,춘천시,50세 이상,0
2023,강원,태백시,19세 이하,0
2023,강원,태백시,20~29세,0
2023,강원,태백시,30~39세,0
2023,강원,태백시,40~49세,0
2023,강원,태백시,50세 이상,0
2023,강원,삼척시,19세 이하,0
2023,강원,삼척시,20~29세,29
2023,강원,삼척시,30~39세,91
2023,강원,삼척시,40~49세,0
2023,강원,삼척시,50세 이상,0
2023,충북,괴산군,19세 이하,0
2023,충북,괴산군,20~29세,0
2023,충북,괴산군,30~39세,0
2023,충북,괴산군,40~49세,0
2023,충북,괴산군,50세 이상,0
2023,충북,단양군,19세 이하,0
2023,충북,단양군,20~29세,0
2023,충북,단양군,30~39세,0
2023,충북,단양군,40~49세,0
2023,충북,단양군,50세 이상,0
2023,충북,보은군,19세 이하,0
2023,충북,보은군,20~29세,0
2023,충북,보은군,30~39세,0
2023,충북,보은군,40~49세,0
2023,충북,보은군,50세 이상,0
2023,충북,영동군,19세 이하,0
2023,충북,영동군,20~29세,0
2023,충북,영동군,30~39세,0
2023,충북,영동군,40~49세,0
2023,충북,영동군,50세 이상,0
2023,충북,옥천군,19세 이하,0
2023,충북,옥천군,20~29세,0
2023,충북,옥천군,30~39세,0
2023,충북,옥천군,40~49세,0
2023,충북,옥천군,50세 이상,0
2023,충북,음성군,19세 이하,0
2023,충북,음성군,20~29세,0
2023,충북,음성군,30~39세,0
2023,충북,음성군,40~49세,0
2023,충북,음성군,50세 이상,0
2023,충북,진천군,19세 이하,0
2023,충북,진천군,20~29세,47
2023,충북,진천군,30~39세,79
2023,충북,진천군,40~49세,0
2023,충북,진천군,50세 이상,0
2023,충북,증평군,19세 이하,0
2023,충북,증평군,20~29세,0
2023,충북,증평군,30~39세,0
2023,충북,증평군,40~49세,0
2023,충북,증평군,50세 이상,0
2023,충북,청주상당구,19세 이하,0
2023,충북,청주상당구,20~29세,182
2023,충북,청주상당구,30~39세,457
2023,충북,청주상당구,40~49세,21
2023,충북,청주상당구,50세 이상,0
2023,충북,청주흥덕구,19세 이하,0
2023,충북,청주흥덕구,20~29세,147
2023,충북,청주흥덕구,30~39세,356
2023,충북,청주흥덕구,40~49세,27
2023,충북,청주흥덕구,50세 이상,0
2023,충북,청주청원구,19세 이하,0
2023,충북,청주청원구,20~29세,307
2023,충북,청주청원구,30~39세,818
2023,충북,청주청원구,40~49세,45
2023,충북,청주청원구,50세 이상,0
2023,충북,청주서원구,19세 이하,0
2023,충북,청주서원구,20~29세,681
2023,충북,청주서원구,30~39세,2123
2023,충북,청주서원구,40~49세,165
2023,충북,청주서원구,50세 이상,0
2023,충북,충주시,19세 이하,0
2023,충북,충주시,20~29세,172
2023,충북,충주시,30~39세,357
2023,충북,충주시,40~49세,22
2023,충북,충주시,50세 이상,0
2023,충북,제천시,19세 이하,0
2023,충북,제천시,20~29세,99
2023,충북,제천시,30~39세,196
2023,충북,제천시,40~49세,14
2023,충북,제천시,50세 이상,0
2023,충남,금산군,19세 이하,0
2023,충남,금산군,20~29세,0
2023,충남,금산군,30~39세,0
2023,충남,금산군,40~49세,0
2023,충남,금산군,50세 이상,0
2023,충남,부여군,19세 이하,0
2023,충남,부여군,20~29세,0
2023,충남,부여군,30~39세,0
2023,충남,부여군,40~49세,0
2023,충남,부여군,50세 이상,0
2023,충남,서천군,19세 이하,0
2023,충남,서천군,20~29세,0
2023,충남,서천군,30~39세,0
2023,충남,서천군,40~49세,0
2023,충남,서천군,50세 이상,0
2023,충남,예산군,19세 이하,0
2023,충남,예산군,20~29세,0
2023,충남,예산군,30~39세,0
2023,충남,예산군,40~49세,0
2023,충남,예산군,50세 이상,0
2023,충남,청양군,19세 이하,0
2023,충남,청양군,20~29세,0
2023,충남,청양군,30~39세,0
2023,충남,청양군,40~49세,0
2023,충남,청양군,50세 이상,0
2023,충남,홍성군,19세 이하,0
2023,충남,홍성군,20~29세,40
2023,충남,홍성군,30~39세,62
2023,충남,홍성군,40~49세,21
2023,충남,홍성군,50세 이상,0
2023,충남,태안군,19세 이하,0
2023,충남,태안군,20~29세,0
2023,충남,태안군,30~39세,0
2023,충남,태안군,40~49세,0
2023,충남,태안군,50세 이상,0
2023,충남,천안서북구,19세 이하,0
2023,충남,천안서북구,20~29세,692
2023,충남,천안서북구,30~39세,1929
2023,충남,천안서북구,40~49세,154
2023,충남,천안서북구,50세 이상,0
2023,충남,천안동남구,19세 이하,0
2023,충남,천안동남구,20~29세,315
2023,충남,천안동남구,30~39세,976
2023,충남,천안동남구,40~49세,109
2023,충남,천안동남구,50세 이상,0
2023,충남,공주시,19세 이하,0
2023,충남,공주시,20~29세,31
2023,충남,공주시,30~39세,53
2023,충남,공주시,40~49세,0
2023,충남,공주시,50세 이상,0
2023,충남,보령시,19세 이하,0
2023,충남,보령시,20~29세,16
2023,충남,보령시,30~39세,52
2023,충남,보령시,40~49세,0
2023,충남,보령시,50세 이상,0
2023,충남,아산시,19세 이하,0
2023,충남,아산시,20~29세,544
2023,충남,아산시,30~39세,1641
2023,충남,아산시,40~49세,85
2023,충남,아산시,50세 이상,0
2023,충남,서산시,19세 이하,0
2023,충남,서산시,20~29세,148
2023,충남,서산시,30~39세,294
2023,충남,서산시,40~49세,35
2023,충남,서산시,50세 이상,0
2023,충남,논산시,19세 이하,0
2023,충남,논산시,20~29세,55
2023,충남,논산시,30~39세,67
2023,충남,논산시,40~49세,15
2023,충남,논산시,50세 이상,0
2023,충남,계룡시,19세 이하,0
2023,충남,계룡시,20~29세,0
2023,충남,계룡시,30~39세,0
2023,충남,계룡시,40~49세,0
2023,충남,계룡시,50세 이상,0
2023,충남,당진시,19세 이하,0
2023,충남,당진시,20~29세,205
2023,충남,당진시,30~39세,511
2023,충남,당진시,40~49세,25
2023,충남,당진시,50세 이상,0
2023,전북,고창군,19세 이하,0
2023,전북,고창군,20~29세,0
2023,전북,고창군,30~39세,0
2023,전북,고창군,40~49세,0
2023,전북,고창군,50세 이상,0
2023,전북,무주군,19세 이하,0
2023,전북,무주군,20~29세,0
2023,전북,무주군,30~39세,0
2023,전북,무주군,40~49세,0
2023,전북,무주군,50세 이상,0
2023,전북,부안군,19세 이하,0
2023,전북,부안군,20~29세,0
2023,전북,부안군,30~39세,0
2023,전북,부안군,40~49세,0
2023,전북,부안군,50세 이상,0
2023,전북,순창군,19세 이하,0
2023,전북,순창군,20~29세,0
2023,전북,순창군,30~39세,0
2023,전북,순창군,40~49세,0
2023,전북,순창군,50세 이상,0
2023,전북,완주군,19세 이하,0
2023,전북,완주군,20~29세,0
2023,전북,완주군,30~39세,0
2023,전북,완주군,40~49세,0
2023,전북,완주군,50세 이상,0
2023,전북,임실군,19세 이하,0
2023,전북,임실군,20~29세,0
2023,전북,임실군,30~39세,0
2023,전북,임실군,40~49세,0
2023,전북,임실군,50세 이상,0
2023,전북,장수군,19세 이하,0
2023,전북,장수군,20~29세,0
2023,전북,장수군,30~39세,0
2023,전북,장수군,40~49세,0
2023,전북,장수군,50세 이상,0
2023,전북,진안군,19세 이하,0
2023,전북,진안군,20~29세,0
2023,전북,진안군,30~39세,0
2023,전북,진안군,40~49세,0
2023,전북,진안군,50세 이상,0
2023,전북,군산시,19세 이하,0
2023,전북,군산시,20~29세,203
2023,전북,군산시,30~39세,488
2023,전북,군산시,40~49세,46
2023,전북,군산시,50세 이상,0
2023,전북,남원시,19세 이하,0
2023,전북,남원시,20~29세,14
2023,전북,남원시,30~39세,15
2023,전북,남원시,40~49세,0
2023,전북,남원시,50세 이상,0
2023,전북,익산시,19세 이하,0
2023,전북,익산시,20~29세,219
2023,전북,익산시,30~39세,554
2023,전북,익산시,40~49세,58
2023,전북,익산시,50세 이상,0
2023,전북,전주완산구,19세 이하,0
2023,전북,전주완산구,20~29세,363
2023,전북,전주완산구,30~39세,1207
2023,전북,전주완산구,40~49세,95
2023,전북,전주완산구,50세 이상,0
2023,전북,전주덕진구,19세 이하,0
2023,전북,전주덕진구,20~29세,647
2023,전북,전주덕진구,30~39세,2000
2023,전북,전주덕진구,40~49세,177
2023,전북,전주덕진구,50세 이상,0
2023,전북,정읍시,19세 이하,0
2023,전북,정읍시,20~29세,11
2023,전북,정읍시,30~39세,13
2023,전북,정읍시,40~49세,0
2023,전북,정읍시,50세 이상,0
2023,전북,김제시,19세 이하,0
2023,전북,김제시,20~29세,0
2023,전북,김제시,30~39세,17
2023,전북,김제시,40~49세,0
2023,전북,김제시,50세 이상,0
2023,전남,강진군,19세 이하,0
2023,전남,강진군,20~29세,0
2023,전남,강진군,30~39세,11
2023,전남,강진군,40~49세,0
2023,전남,강진군,50세 이상,0
2023,전남,고흥군,19세 이하,0
2023,전남,고흥군,20~29세,0
2023,전남,고흥군,30~39세,0
2023,전남,고흥군,40~49세,0
2023,전남,고흥군,50세 이상,0
2023,전남,곡성군,19세 이하,0
2023,전남,곡성군,20~29세,0
2023,전남,곡성군,30~39세,0
2023,전남,곡성군,40~49세,0
2023,전남,곡성군,50세 이상,0
2023,전남,구례군,19세 이하,0
2023,전남,구례군,20~29세,0
2023,전남,구례군,30~39세,0
2023,전남,구례군,40~49세,0
2023,전남,구례군,50세 이상,0
2023,전남,담양군,19세 이하,0
2023,전남,담양군,20~29세,0
2023,전남,담양군,30~39세,0
2023,전남,담양군,40~49세,0
2023,전남,담양군,50세 이상,0
2023,전남,무안군,19세 이하,0
2023,전남,무안군,20~29세,0
2023,전남,무안군,30~39세,0
2023,전남,무안군,40~49세,0
2023,전남,무안군,50세 이상,0
2023,전남,보성군,19세 이하,0
2023,전남,보성군,20~29세,0
2023,전남,보성군,30~39세,0
2023,전남,보성군,40~49세,0
2023,전남,보성군,50세 이상,0
2023,전남,신안군,19세 이하,0
2023,전남,신안군,20~29세,0
2023,전남,신안군,30~39세,0
2023,전남,신안군,40~49세,0
2023,전남,신안군,50세 이상,0
2023,전남,영광군,19세 이하,0
2023,전남,영광군,20~29세,14
2023,전남,영광군,30~39세,36
2023,전남,영광군,40~49세,0
2023,전남,영광군,50세 이상,0
2023,전남,영암군,19세 이하,0
2023,전남,영암군,20~29세,0
2023,전남,영암군,30~39세,0
2023,전남,영암군,40~49세,0
2023,전남,영암군,50세 이상,0
2023,전남,완도군,19세 이하,0
2023,전남,완도군,20~29세,0
2023,전남,완도군,30~39세,0
2023,전남,완도군,40~49세,0
2023,전남,완도군,50세 이상,0
2023,전남,장성군,19세 이하,0
2023,전남,장성군,20~29세,0
2023,전남,장성군,30~39세,0
2023,전남,장성군,40~49세,0
2023,전남,장성군,50세 이상,0
2023,전남,장흥군,19세 이하,0
2023,전남,장흥군,20~29세,0
2023,전남,장흥군,30~39세,0
2023,전남,장흥군,40~49세,0
2023,전남,장흥군,50세 이상,0
2023,전남,진도군,19세 이하,0
2023,전남,진도군,20~29세,0
2023,전남,진도군,30~39세,0
2023,전남,진도군,40~49세,0
2023,전남,진도군,50세 이상,0
2023,전남,함평군,19세 이하,0
2023,전남,함평군,20~29세,0
2023,전남,함평군,30~39세,0
2023,전남,함평군,40~49세,0
2023,전남,함평군,50세 이상,0
2023,전남,해남군,19세 이하,0
2023,전남,해남군,20~29세,0
2023,전남,해남군,30~39세,0
2023,전남,해남군,40~49세,0
2023,전남,해남군,50세 이상,0
2023,전남,화순군,19세 이하,0
2023,전남,화순군,20~29세,0
2023,전남,화순군,30~39세,0
2023,전남,화순군,40~49세,0
2023,전남,화순군,50세 이상,0
2023,전남,나주시,19세 이하,0
2023,전남,나주시,20~29세,0
2023,전남,나주시,30~39세,0
2023,전남,나주시,40~49세,0
2023,전남,나주시,50세 이상,0
2023,전남,목포시,19세 이하,10
2023,전남,목포시,20~29세,408
2023,전남,목포시,30~39세,1024
2023,전남,목포시,40~49세,81
2023,전남,목포시,50세 이상,0
2023,전남,순천시,19세 이하,0
2023,전남,순천시,20~29세,613
2023,전남,순천시,30~39세,1810
2023,전남,순천시,40~49세,117
2023,전남,순천시,50세 이상,0
2023,전남,여수시,19세 이하,0
2023,전남,여수시,20~29세,145
2023,전남,여수시,30~39세,294
2023,전남,여수시,40~49세,39
2023,전남,여수시,50세 이상,0
2023,전남,광양시,19세 이하,0
2023,전남,광양시,20~29세,73
2023,전남,광양시,30~39세,121
2023,전남,광양시,40~49세,12
2023,전남,광양시,50세 이상,0
2023,경북,고령군,19세 이하,0
2023,경북,고령군,20~29세,0
2023,경북,고령군,30~39세,0
2023,경북,고령군,40~49세,0
2023,경북,고령군,50세 이상,0
2023,경북,군위군,19세 이하,0
2023,경북,군위군,20~29세,0
2023,경북,군위군,30~39세,0
2023,경북,군위군,40~49세,0
2023,경북,군위군,50세 이상,0
2023,경북,봉화군,19세 이하,0
2023,경북,봉화군,20~29세,0
2023,경북,봉화군,30~39세,0
2023,경북,봉화군,40~49세,0
2023,경북,봉화군,50세 이상,0
2023,경북,성주군,19세 이하,0
2023,경북,성주군,20~29세,0
2023,경북,성주군,30~39세,0
2023,경북,성주군,40~49세,0
2023,경북,성주군,50세 이상,0
2023,경북,영덕군,19세 이하,0
2023,경북,영덕군,20~29세,0
2023,경북,영덕군,30~39세,0
2023,경북,영덕군,40~49세,0
2023,경북,영덕군,50세 이상,0
2023,경북,영양군,19세 이하,0
2023,경북,영양군,20~29세,0
2023,경북,영양군,30~39세,0
2023,경북,영양군,40~49세,0
2023,경북,영양군,50세 이상,0
2023,경북,예천군,19세 이하,0
2023,경북,예천군,20~29세,0
2023,경북,예천군,30~39세,16
2023,경북,예천군,40~49세,0
2023,경북,예천군,50세 이상,0
2023,경북,울릉군,19세 이하,0
2023,경북,울릉군,20~29세,0
2023,경북,울릉군,30~39세,0
2023,경북,울릉군,40~49세,0
2023,경북,울릉군,50세 이상,0
2023,경북,울진군,19세 이하,0
2023,경북,울진군,20~29세,17
2023,경북,울진군,30~39세,31
2023,경북,울진군,40~49세,0
2023,경북,울진군,50세 이상,0
2023,경북,의성군,19세 이하,0
2023,경북,의성군,20~29세,0
2023,경북,의성군,30~39세,0
2023,경북,의성군,40~49세,0
2023,경북,의성군,50세 이상,0
2023,경북,청도군,19세 이하,0
2023,경북,청도군,20~29세,0
2023,경북,청도군,30~39세,0
2023,경북,청도군,40~49세,0
2023,경북,청도군,50세 이상,0
2023,경북,청송군,19세 이하,0
2023,경북,청송군,20~29세,0
2023,경북,청송군,30~39세,0
2023,경북,청송군,40~49세,0
2023,경북,청송군,50세 이상,0
2023,경북,칠곡군,19세 이하,0
2023,경북,칠곡군,20~29세,0
2023,경북,칠곡군,30~39세,0
2023,경북,칠곡군,40~49세,0
2023,경북,칠곡군,50세 이상,0
2023,경북,경주시,19세 이하,0
2023,경북,경주시,20~29세,130
2023,경북,경주시,30~39세,235
2023,경북,경주시,40~49세,27
2023,경북,경주시,50세 이상,0
2023,경북,구미시,19세 이하,0
2023,경북,구미시,20~29세,516
2023,경북,구미시,30~39세,1509
2023,경북,구미시,40~49세,95
2023,경북,구미시,50세 이상,0
2023,경북,김천시,19세 이하,0
2023,경북,김천시,20~29세,35
2023,경북,김천시,30~39세,56
2023,경북,김천시,40~49세,0
2023,경북,김천시,50세 이상,0
2023,경북,안동시,19세 이하,0
2023,경북,안동시,20~29세,165
2023,경북,안동시,30~39세,457
2023,경북,안동시,40~49세,50
2023,경북,안동시,50세 이상,0
2023,경북,영주시,19세 이하,0
2023,경북,영주시,20~29세,21
2023,경북,영주시,30~39세,23
2023,경북,영주시,40~49세,0
2023,경북,영주시,50세 이상,0
2023,경북,영천시,19세 이하,0
2023,경북,영천시,20~29세,25
2023,경북,영천시,30~39세,64
2023,경북,영천시,40~49세,0
2023,경북,영천시,50세 이상,0
2023,경북,포항남구,19세 이하,0
2023,경북,포항남구,20~29세,0
2023,경북,포항남구,30~39세,0
2023,경북,포항남구,40~49세,0
2023,경북,포항남구,50세 이상,0
2023,경북,포항북구,19세 이하,0
2023,경북,포항북구,20~29세,492
2023,경북,포항북구,30~39세,1516
2023,경북,포항북구,40~49세,133
2023,경북,포항북구,50세 이상,0
2023,경북,문경시,19세 이하,0
2023,경북,문경시,20~29세,0
2023,경북,문경시,30~39세,0
2023,경북,문경시,40~49세,0
2023,경북,문경시,50세 이상,0
2023,경북,상주시,19세 이하,0
2023,경북,상주시,20~29세,13
2023,경북,상주시,30~39세,18
2023,경북,상주시,40~49세,0
2023,경북,상주시,50세 이상,0
2023,경북,경산시,19세 이하,0
2023,경북,경산시,20~29세,0
2023,경북,경산시,30~39세,0
2023,경북,경산시,40~49세,0
2023,경북,경산시,50세 이상,0
2023,경남,거창군,19세 이하,0
2023,경남,거창군,20~29세,0
2023,경남,거창군,30~39세,0
2023,경남,거창군,40~49세,0
2023,경남,거창군,50세 이상,0
2023,경남,고성군,19세 이하,0
2023,경남,고성군,20~29세,0
2023,경남,고성군,30~39세,0
2023,경남,고성군,40~49세,0
2023,경남,고성군,50세 이상,0
2023,경남,남해군,19세 이하,0
2023,경남,남해군,20~29세,0
2023,경남,남해군,30~39세,0
2023,경남,남해군,40~49세,0
2023,경남,남해군,50세 이상,0
2023,경남,산청군,19세 이하,0
2023,경남,산청군,20~29세,0
2023,경남,산청군,30~39세,0
2023,경남,산청군,40~49세,0
2023,경남,산청군,50세 이상,0
2023,경남,의령군,19세 이하,0
2023,경남,의령군,20~29세,0
2023,경남,의령군,30~39세,0
2023,경남,의령군,40~49세,0
2023,경남,의령군,50세 이상,0
2023,경남,창녕군,19세 이하,0
2023,경남,창녕군,20~29세,0
2023,경남,창녕군,30~39세,0
2023,경남,창녕군,40~49세,0
2023,경남,창녕군,50세 이상,0
2023,경남,하동군,19세 이하,0
2023,경남,하동군,20~29세,0
2023,경남,하동군,30~39세,0
2023,경남,하동군,40~49세,0
2023,경남,하동군,50세 이상,0
2023,경남,함안군,19세 이하,0
2023,경남,함안군,20~29세,0
2023,경남,함안군,30~39세,0
2023,경남,함안군,40~49세,0
2023,경남,함안군,50세 이상,0
2023,경남,함양군,19세 이하,0
2023,경남,함양군,20~29세,0
2023,경남,함양군,30~39세,0
2023,경남,함양군,40~49세,0
2023,경남,함양군,50세 이상,0
2023,경남,합천군,19세 이하,0
2023,경남,합천군,20~29세,0
2023,경남,합천군,30~39세,0
2023,경남,합천군,40~49세,0
2023,경남,합천군,50세 이상,0
2023,경남,김해시,19세 이하,0
2023,경남,김해시,20~29세,473
2023,경남,김해시,30~39세,1268
2023,경남,김해시,40~49세,93
2023,경남,김해시,50세 이상,0
2023,경남,사천시,19세 이하,0
2023,경남,사천시,20~29세,0
2023,경남,사천시,30~39세,0
2023,경남,사천시,40~49세,0
2023,경남,사천시,50세 이상,0
2023,경남,진주시,19세 이하,0
2023,경남,진주시,20~29세,500
2023,경남,진주시,30~39세,1674
2023,경남,진주시,40~49세,136
2023,경남,진주시,50세 이상,0
2023,경남,창원마산회원구,19세 이하,0
2023,경남,창원마산회원구,20~29세,47
2023,경남,창원마산회원구,30~39세,322
2023,경남,창원마산회원구,40~49세,30
2023,경남,창원마산회원구,50세 이상,0
2023,경남,창원마산합포구,19세 이하,0
2023,경남,창원마산합포구,20~29세,74
2023,경남,창원마산합포구,30~39세,143
2023,경남,창원마산합포구,40~49세,16
2023,경남,창원마산합포구,50세 이상,0
2023,경남,창원진해구,19세 이하,0
2023,경남,창원진해구,20~29세,71
2023,경남,창원진해구,30~39세,141
2023,경남,창원진해구,40~49세,16
2023,경남,창원진해구,50세 이상,0
2023,경남,창원의창구,19세 이하,0
2023,경남,창원의창구,20~29세,585
2023,경남,창원의창구,30~39세,2174
2023,경남,창원의창구,40~49세,188
2023,경남,창원의창구,50세 이상,0
2023,경남,창원성산구,19세 이하,0
2023,경남,창원성산구,20~29세,257
2023,경남,창원성산구,30~39세,1010
2023,경남,창원성산구,40~49세,65
2023,경남,창원성산구,50세 이상,0
2023,경남,통영시,19세 이하,0
2023,경남,통영시,20~29세,55
2023,경남,통영시,30~39세,168
2023,경남,통영시,40~49세,13
2023,경남,통영시,50세 이상,0
2023,경남,밀양시,19세 이하,0
2023,경남,밀양시,20~29세,28
2023,경남,밀양시,30~39세,74
2023,경남,밀양시,40~49세,0
2023,경남,밀양시,50세 이상,0
2023,경남,거제시,19세 이하,0
2023,경남,거제시,20~29세,132
2023,경남,거제시,30~39세,360
2023,경남,거제시,40~49세,39
2023,경남,거제시,50세 이상,0
2023,경남,양산시,19세 이하,0
2023,경남,양산시,20~29세,199
2023,경남,양산시,30~39세,635
2023,경남,양산시,40~49세,62
2023,경남,양산시,50세 이상,0
2023,제주,서귀포시,19세 이하,0
2023,제주,서귀포시,20~29세,62
2023,제주,서귀포시,30~39세,197
2023,제주,서귀포시,40~49세,32
2023,제주,서귀포시,50세 이상,0
2023,제주,제주시,19세 이하,0
2023,제주,제주시,20~29세,620
2023,제주,제주시,30~39세,1962
2023,제주,제주시,40~49세,213
2023,제주,제주시,50세 이상,0
2023,세종,세종시,19세 이하,0
2023,세종,세종시,20~29세,435
2023,세종,세종시,30~39세,2053
2023,세종,세종시,40~49세,134
2023,세종,세종시,50세 이상,0
